package,authors,description,url,msc,verified
100/arithmetic.ml,,,https://github.com/jrh13/hol-light/blob/master/100/arithmetic.ml,40Cxx,True
100/arithmetic_geometric_mean.ml,,,https://github.com/jrh13/hol-light/blob/master/100/arithmetic_geometric_mean.ml,62A01,True
100/ballot.ml,,,https://github.com/jrh13/hol-light/blob/master/100/ballot.ml,05A19,True
100/bernoulli.ml,,,https://github.com/jrh13/hol-light/blob/master/100/bernoulli.ml,11B68,True
100/bertrand.ml,,,https://github.com/jrh13/hol-light/blob/master/100/bertrand.ml,11A41,True
100/birthday.ml,,,https://github.com/jrh13/hol-light/blob/master/100/birthday.ml,60A05,True
100/cantor.ml,,,https://github.com/jrh13/hol-light/blob/master/100/cantor.ml,03E10,True
100/cayley_hamilton.ml,,,https://github.com/jrh13/hol-light/blob/master/100/cayley_hamilton.ml,15A99,True
100/ceva.ml,,,https://github.com/jrh13/hol-light/blob/master/100/ceva.ml,51M04,True
100/chords.ml,,,https://github.com/jrh13/hol-light/blob/master/100/chords.ml,51M04,True
100/circle.ml,,,https://github.com/jrh13/hol-light/blob/master/100/circle.ml,51M04,True
100/combinations.ml,,,https://github.com/jrh13/hol-light/blob/master/100/combinations.ml,05A10,True
100/constructible.ml,,,https://github.com/jrh13/hol-light/blob/master/100/constructible.ml,51M04,True
100/cosine.ml,,,https://github.com/jrh13/hol-light/blob/master/100/cosine.ml,33B10,True
100/cubic.ml,,,https://github.com/jrh13/hol-light/blob/master/100/cubic.ml,12D10,True
100/derangements.ml,,,https://github.com/jrh13/hol-light/blob/master/100/derangements.ml,05A05,True
100/desargues.ml,,,https://github.com/jrh13/hol-light/blob/master/100/desargues.ml,51A05,True
100/descartes.ml,,,https://github.com/jrh13/hol-light/blob/master/100/descartes.ml,12D10,True
100/dirichlet.ml,,,https://github.com/jrh13/hol-light/blob/master/100/dirichlet.ml,11A41,True
100/div3.ml,,,https://github.com/jrh13/hol-light/blob/master/100/div3.ml,11A51,True
100/divharmonic.ml,,,https://github.com/jrh13/hol-light/blob/master/100/divharmonic.ml,40A05,True
100/e_is_transcendental.ml,,,https://github.com/jrh13/hol-light/blob/master/100/e_is_transcendental.ml,11J82,True
100/euler.ml,,,https://github.com/jrh13/hol-light/blob/master/100/euler.ml,11P81,True
100/feuerbach.ml,,,https://github.com/jrh13/hol-light/blob/master/100/feuerbach.ml,51M04,True
100/four_squares.ml,,,https://github.com/jrh13/hol-light/blob/master/100/four_squares.ml,11E25,True
100/fourier.ml,,,https://github.com/jrh13/hol-light/blob/master/100/fourier.ml,42A16,True
100/friendship.ml,,,https://github.com/jrh13/hol-light/blob/master/100/friendship.ml,05A05,True
100/fta.ml,,,https://github.com/jrh13/hol-light/blob/master/100/fta.ml,11A51,True
100/gcd.ml,,,https://github.com/jrh13/hol-light/blob/master/100/gcd.ml,11A05,True
100/heron.ml,,,https://github.com/jrh13/hol-light/blob/master/100/heron.ml,51M04,True
100/inclusion_exclusion.ml,,,https://github.com/jrh13/hol-light/blob/master/100/inclusion_exclusion.ml,05-XX,True
100/independence.ml,,,https://github.com/jrh13/hol-light/blob/master/100/independence.ml,51-XX,True
100/isosceles.ml,,,https://github.com/jrh13/hol-light/blob/master/100/isosceles.ml,51M04,True
100/konigsberg.ml,,,https://github.com/jrh13/hol-light/blob/master/100/konigsberg.ml,05C07,True
100/lagrange.ml,,,https://github.com/jrh13/hol-light/blob/master/100/lagrange.ml,20A05,True
100/leibniz.ml,,,https://github.com/jrh13/hol-light/blob/master/100/leibniz.ml,40A05,True
100/lhopital.ml,,,https://github.com/jrh13/hol-light/blob/master/100/lhopital.ml,26A03,True
100/liouville.ml,,,https://github.com/jrh13/hol-light/blob/master/100/liouville.ml,41A20,True
100/minkowski.ml,,,https://github.com/jrh13/hol-light/blob/master/100/minkowski.ml,11H06,True
100/morley.ml,,,https://github.com/jrh13/hol-light/blob/master/100/morley.ml,51M04,True
100/pascal.ml,,,https://github.com/jrh13/hol-light/blob/master/100/pascal.ml,51M04,True
100/perfect.ml,,,https://github.com/jrh13/hol-light/blob/master/100/perfect.ml,11A51,True
100/pick.ml,,,https://github.com/jrh13/hol-light/blob/master/100/pick.ml,52B20,True
100/piseries.ml,,,https://github.com/jrh13/hol-light/blob/master/100/piseries.ml,41A58,True
100/platonic.ml,,,https://github.com/jrh13/hol-light/blob/master/100/platonic.ml,51M04,True
100/pnt.ml,,,https://github.com/jrh13/hol-light/blob/master/100/pnt.ml,11A41,True
100/polyhedron.ml,,,https://github.com/jrh13/hol-light/blob/master/100/polyhedron.ml,51M04,True
100/primerecip.ml,,,https://github.com/jrh13/hol-light/blob/master/100/primerecip.ml,40A05,True
100/ptolemy.ml,,,https://github.com/jrh13/hol-light/blob/master/100/ptolemy.ml,51M04,True
100/pythagoras.ml,,,https://github.com/jrh13/hol-light/blob/master/100/pythagoras.ml,51M04,True
100/quartic.ml,,,https://github.com/jrh13/hol-light/blob/master/100/quartic.ml,Exclude-NoDoc,True
100/ramsey.ml,,,https://github.com/jrh13/hol-light/blob/master/100/ramsey.ml,05C15,True
100/ratcountable.ml,,,https://github.com/jrh13/hol-light/blob/master/100/ratcountable.ml,03E10,True
100/realsuncountable.ml,,,https://github.com/jrh13/hol-light/blob/master/100/realsuncountable.ml,03E10,True
100/reciprocity.ml,,,https://github.com/jrh13/hol-light/blob/master/100/reciprocity.ml,11A07,True
100/sqrt.ml,,,https://github.com/jrh13/hol-light/blob/master/100/sqrt.ml,11J82,True
100/stirling.ml,,,https://github.com/jrh13/hol-light/blob/master/100/stirling.ml,41A30,True
100/subsequence.ml,,,https://github.com/jrh13/hol-light/blob/master/100/subsequence.ml,26A48,True
100/thales.ml,,,https://github.com/jrh13/hol-light/blob/master/100/thales.ml,51M04,True
100/triangular.ml,,,https://github.com/jrh13/hol-light/blob/master/100/triangular.ml,40A05,True
100/two_squares.ml,,,https://github.com/jrh13/hol-light/blob/master/100/two_squares.ml,Exclude-NoDoc,True
100/wilson.ml,,,https://github.com/jrh13/hol-light/blob/master/100/wilson.ml,11A41,True
Arithmetic/arithprov.ml,,,https://github.com/jrh13/hol-light/blob/master/Arithmetic/arithprov.ml,03F40,True
Arithmetic/definability.ml,,,https://github.com/jrh13/hol-light/blob/master/Arithmetic/definability.ml,03C40,True
Arithmetic/derived.ml,,,https://github.com/jrh13/hol-light/blob/master/Arithmetic/derived.ml,03F40,True
Arithmetic/fol.ml,,,https://github.com/jrh13/hol-light/blob/master/Arithmetic/fol.ml,03B10,True
Arithmetic/godel.ml,,,https://github.com/jrh13/hol-light/blob/master/Arithmetic/godel.ml,03F40,True
Arithmetic/make.ml,,,https://github.com/jrh13/hol-light/blob/master/Arithmetic/make.ml,Exclude-Util,True
Arithmetic/pa.ml,,,https://github.com/jrh13/hol-light/blob/master/Arithmetic/pa.ml,03F30,True
Arithmetic/sigmacomplete.ml,,,https://github.com/jrh13/hol-light/blob/master/Arithmetic/sigmacomplete.ml,03F40,True
Arithmetic/tarski.ml,,,https://github.com/jrh13/hol-light/blob/master/Arithmetic/tarski.ml,03C40,True
Boyer_Moore/boyer-moore.ml,,,https://github.com/jrh13/hol-light/blob/master/Boyer_Moore/boyer-moore.ml,Exclude-Util,True
Boyer_Moore/clausal_form.ml,,,https://github.com/jrh13/hol-light/blob/master/Boyer_Moore/clausal_form.ml,Exclude-Util,True
Boyer_Moore/counterexample.ml,,,https://github.com/jrh13/hol-light/blob/master/Boyer_Moore/counterexample.ml,Exclude-Util,True
Boyer_Moore/definitions.ml,,,https://github.com/jrh13/hol-light/blob/master/Boyer_Moore/definitions.ml,Exclude-Util,True
Boyer_Moore/environment.ml,,,https://github.com/jrh13/hol-light/blob/master/Boyer_Moore/environment.ml,Exclude-Util,True
Boyer_Moore/equalities.ml,,,https://github.com/jrh13/hol-light/blob/master/Boyer_Moore/equalities.ml,Exclude-Util,True
Boyer_Moore/generalize.ml,,,https://github.com/jrh13/hol-light/blob/master/Boyer_Moore/generalize.ml,Exclude-Util,True
Boyer_Moore/induction.ml,,,https://github.com/jrh13/hol-light/blob/master/Boyer_Moore/induction.ml,Exclude-Util,True
Boyer_Moore/irrelevance.ml,,,https://github.com/jrh13/hol-light/blob/master/Boyer_Moore/irrelevance.ml,Exclude-Util,True
Boyer_Moore/main.ml,,,https://github.com/jrh13/hol-light/blob/master/Boyer_Moore/main.ml,Exclude-Util,True
Boyer_Moore/make.ml,,,https://github.com/jrh13/hol-light/blob/master/Boyer_Moore/make.ml,Exclude-Util,True
Boyer_Moore/rewrite_rules.ml,,,https://github.com/jrh13/hol-light/blob/master/Boyer_Moore/rewrite_rules.ml,Exclude-Util,True
Boyer_Moore/shells.ml,,,https://github.com/jrh13/hol-light/blob/master/Boyer_Moore/shells.ml,Exclude-Util,True
Boyer_Moore/struct_equal.ml,,,https://github.com/jrh13/hol-light/blob/master/Boyer_Moore/struct_equal.ml,Exclude-Util,True
Boyer_Moore/support.ml,,,https://github.com/jrh13/hol-light/blob/master/Boyer_Moore/support.ml,Exclude-Util,True
Boyer_Moore/terms_and_clauses.ml,,,https://github.com/jrh13/hol-light/blob/master/Boyer_Moore/terms_and_clauses.ml,Exclude-Util,True
Boyer_Moore/waterfall.ml,,,https://github.com/jrh13/hol-light/blob/master/Boyer_Moore/waterfall.ml,Exclude-Util,True
Complex/complex_grobner.ml,,,https://github.com/jrh13/hol-light/blob/master/Complex/complex_grobner.ml,13P10,True
Complex/complex_real.ml,,,https://github.com/jrh13/hol-light/blob/master/Complex/complex_real.ml,13P10,True
Complex/complex_transc.ml,,,https://github.com/jrh13/hol-light/blob/master/Complex/complex_transc.ml,11J81,True
Complex/complexnumbers.ml,,,https://github.com/jrh13/hol-light/blob/master/Complex/complexnumbers.ml,30-XX,True
Complex/cpoly.ml,,,https://github.com/jrh13/hol-light/blob/master/Complex/cpoly.ml,30-XX,True
Complex/fundamental.ml,,,https://github.com/jrh13/hol-light/blob/master/Complex/fundamental.ml,26C10,True
Complex/grobner_examples.ml,,,https://github.com/jrh13/hol-light/blob/master/Complex/grobner_examples.ml,13P10,True
Complex/make.ml,,,https://github.com/jrh13/hol-light/blob/master/Complex/make.ml,Exclude-Util,True
Complex/quelim.ml,,,https://github.com/jrh13/hol-light/blob/master/Complex/quelim.ml,30-XX,False
Complex/quelim_examples.ml,,,https://github.com/jrh13/hol-light/blob/master/Complex/quelim_examples.ml,30-XX,False
Examples/borsuk.ml,,,https://github.com/jrh13/hol-light/blob/master/Examples/borsuk.ml,Exclude-Doc,False
Examples/brunn_minkowski.ml,,,https://github.com/jrh13/hol-light/blob/master/Examples/brunn_minkowski.ml,Exclude-Doc,False
Examples/combin.ml,,,https://github.com/jrh13/hol-light/blob/master/Examples/combin.ml,Exclude-Doc,False
Examples/cong.ml,,,https://github.com/jrh13/hol-light/blob/master/Examples/cong.ml,Exclude-Doc,False
Examples/cooper.ml,,,https://github.com/jrh13/hol-light/blob/master/Examples/cooper.ml,Exclude-Doc,False
Examples/dickson.ml,,,https://github.com/jrh13/hol-light/blob/master/Examples/dickson.ml,Exclude-Doc,False
Examples/digit_serial_methods.ml,,,https://github.com/jrh13/hol-light/blob/master/Examples/digit_serial_methods.ml,Exclude-Doc,False
Examples/division_algebras.ml,,,https://github.com/jrh13/hol-light/blob/master/Examples/division_algebras.ml,Exclude-Doc,False
Examples/dlo.ml,,,https://github.com/jrh13/hol-light/blob/master/Examples/dlo.ml,Exclude-Doc,False
Examples/forster.ml,,,https://github.com/jrh13/hol-light/blob/master/Examples/forster.ml,Exclude-Doc,False
Examples/gcdrecurrence.ml,,,https://github.com/jrh13/hol-light/blob/master/Examples/gcdrecurrence.ml,Exclude-Doc,False
Examples/harmonicsum.ml,,,https://github.com/jrh13/hol-light/blob/master/Examples/harmonicsum.ml,Exclude-Doc,False
Examples/hol88.ml,,,https://github.com/jrh13/hol-light/blob/master/Examples/hol88.ml,Exclude-Doc,False
Examples/holby.ml,,,https://github.com/jrh13/hol-light/blob/master/Examples/holby.ml,Exclude-Doc,False
Examples/inverse_bug_puzzle_miz3.ml,,,https://github.com/jrh13/hol-light/blob/master/Examples/inverse_bug_puzzle_miz3.ml,Exclude-Doc,False
Examples/inverse_bug_puzzle_tac.ml,,,https://github.com/jrh13/hol-light/blob/master/Examples/inverse_bug_puzzle_tac.ml,Exclude-Doc,False
Examples/kb.ml,,,https://github.com/jrh13/hol-light/blob/master/Examples/kb.ml,Exclude-Doc,False
Examples/lagrange_lemma.ml,,,https://github.com/jrh13/hol-light/blob/master/Examples/lagrange_lemma.ml,Exclude-Doc,False
Examples/lucas_lehmer.ml,,,https://github.com/jrh13/hol-light/blob/master/Examples/lucas_lehmer.ml,Exclude-Doc,False
Examples/machin.ml,,,https://github.com/jrh13/hol-light/blob/master/Examples/machin.ml,Exclude-Doc,False
Examples/mangoldt.ml,,,https://github.com/jrh13/hol-light/blob/master/Examples/mangoldt.ml,Exclude-Doc,False
Examples/mccarthy.ml,,,https://github.com/jrh13/hol-light/blob/master/Examples/mccarthy.ml,Exclude-Doc,False
Examples/miller_rabin.ml,,,https://github.com/jrh13/hol-light/blob/master/Examples/miller_rabin.ml,Exclude-Doc,False
Examples/misiurewicz.ml,,,https://github.com/jrh13/hol-light/blob/master/Examples/misiurewicz.ml,Exclude-Doc,False
Examples/mizar.ml,,,https://github.com/jrh13/hol-light/blob/master/Examples/mizar.ml,Exclude-Doc,False
Examples/multiwf.ml,,,https://github.com/jrh13/hol-light/blob/master/Examples/multiwf.ml,Exclude-Doc,False
Examples/nist_curves.ml,,,https://github.com/jrh13/hol-light/blob/master/Examples/nist_curves.ml,Exclude-Doc,False
Examples/padics.ml,,,https://github.com/jrh13/hol-light/blob/master/Examples/padics.ml,Exclude-Doc,False
Examples/pell.ml,,,https://github.com/jrh13/hol-light/blob/master/Examples/pell.ml,Exclude-Doc,False
Examples/polylog.ml,,,https://github.com/jrh13/hol-light/blob/master/Examples/polylog.ml,Exclude-Doc,False
Examples/prog.ml,,,https://github.com/jrh13/hol-light/blob/master/Examples/prog.ml,Exclude-Doc,False
Examples/prover9.ml,,,https://github.com/jrh13/hol-light/blob/master/Examples/prover9.ml,Exclude-Doc,False
Examples/pseudoprime.ml,,,https://github.com/jrh13/hol-light/blob/master/Examples/pseudoprime.ml,Exclude-Doc,False
Examples/rectypes.ml,,,https://github.com/jrh13/hol-light/blob/master/Examples/rectypes.ml,Exclude-Doc,False
Examples/reduct.ml,,,https://github.com/jrh13/hol-light/blob/master/Examples/reduct.ml,Exclude-Doc,False
Examples/safetyliveness.ml,,,https://github.com/jrh13/hol-light/blob/master/Examples/safetyliveness.ml,Exclude-Doc,False
Examples/schnirelmann.ml,,,https://github.com/jrh13/hol-light/blob/master/Examples/schnirelmann.ml,Exclude-Doc,False
Examples/solovay.ml,,,https://github.com/jrh13/hol-light/blob/master/Examples/solovay.ml,Exclude-Doc,False
Examples/sos.ml,,,https://github.com/jrh13/hol-light/blob/master/Examples/sos.ml,Exclude-Doc,False
Examples/ste.ml,,,https://github.com/jrh13/hol-light/blob/master/Examples/ste.ml,Exclude-Doc,False
Examples/sylvester_gallai.ml,,,https://github.com/jrh13/hol-light/blob/master/Examples/sylvester_gallai.ml,Exclude-Doc,False
Examples/update_database.ml,,,https://github.com/jrh13/hol-light/blob/master/Examples/update_database.ml,Exclude-Doc,False
Examples/vitali.ml,,,https://github.com/jrh13/hol-light/blob/master/Examples/vitali.ml,Exclude-Doc,False
Examples/zolotarev.ml,,,https://github.com/jrh13/hol-light/blob/master/Examples/zolotarev.ml,Exclude-Doc,False
Formal_ineqs/arith_options.hl,,,https://github.com/jrh13/hol-light/blob/master/Formal_ineqs/arith_options.hl,26Dxx,False
Formal_ineqs/examples.hl,,,https://github.com/jrh13/hol-light/blob/master/Formal_ineqs/examples.hl,26Dxx,False
Formal_ineqs/examples_flyspeck.hl,,,https://github.com/jrh13/hol-light/blob/master/Formal_ineqs/examples_flyspeck.hl,26Dxx,False
Formal_ineqs/examples_other.hl,,,https://github.com/jrh13/hol-light/blob/master/Formal_ineqs/examples_other.hl,26Dxx,False
Formal_ineqs/examples_poly.hl,,,https://github.com/jrh13/hol-light/blob/master/Formal_ineqs/examples_poly.hl,26Dxx,False
Formal_ineqs/make.ml,,,https://github.com/jrh13/hol-light/blob/master/Formal_ineqs/make.ml,26Dxx,False
Formal_ineqs/verifier_options.hl,,,https://github.com/jrh13/hol-light/blob/master/Formal_ineqs/verifier_options.hl,26Dxx,False
Functionspaces/L2.ml,,,https://github.com/jrh13/hol-light/blob/master/Functionspaces/L2.ml,30-XX,False
Functionspaces/cfunspace.ml,,,https://github.com/jrh13/hol-light/blob/master/Functionspaces/cfunspace.ml,30-XX,False
Functionspaces/make.ml,,,https://github.com/jrh13/hol-light/blob/master/Functionspaces/make.ml,30-XX,False
Functionspaces/utils.ml,,,https://github.com/jrh13/hol-light/blob/master/Functionspaces/utils.ml,30-XX,False
GL/completeness.ml,,,https://github.com/jrh13/hol-light/blob/master/GL/completeness.ml,03F45,False
GL/gl.ml,,,https://github.com/jrh13/hol-light/blob/master/GL/gl.ml,03F45,False
GL/make.ml,,,https://github.com/jrh13/hol-light/blob/master/GL/make.ml,03F45,False
GL/misc.ml,,,https://github.com/jrh13/hol-light/blob/master/GL/misc.ml,03F45,False
GL/modal.ml,,,https://github.com/jrh13/hol-light/blob/master/GL/modal.ml,03F45,False
Geometric_Algebra/geometricalgebra.ml,,,https://github.com/jrh13/hol-light/blob/master/Geometric_Algebra/geometricalgebra.ml,14-XX,False
Geometric_Algebra/make.ml,,,https://github.com/jrh13/hol-light/blob/master/Geometric_Algebra/make.ml,14-XX,False
Geometric_Algebra/quaternions.ml,,,https://github.com/jrh13/hol-light/blob/master/Geometric_Algebra/quaternions.ml,14-XX,False
IEEE/common.hl,,,https://github.com/jrh13/hol-light/blob/master/IEEE/common.hl,68P05,False
IEEE/fixed.hl,,,https://github.com/jrh13/hol-light/blob/master/IEEE/fixed.hl,68P05,False
IEEE/fixed_thms.hl,,,https://github.com/jrh13/hol-light/blob/master/IEEE/fixed_thms.hl,68P05,False
IEEE/float.hl,,,https://github.com/jrh13/hol-light/blob/master/IEEE/float.hl,68P05,False
IEEE/float_thms.hl,,,https://github.com/jrh13/hol-light/blob/master/IEEE/float_thms.hl,68P05,False
IEEE/ieee.hl,,,https://github.com/jrh13/hol-light/blob/master/IEEE/ieee.hl,68P05,False
IEEE/ieee_thms.hl,,,https://github.com/jrh13/hol-light/blob/master/IEEE/ieee_thms.hl,68P05,False
IEEE/make.ml,,,https://github.com/jrh13/hol-light/blob/master/IEEE/make.ml,68P05,False
IsabelleLight/isalight.ml,,,https://github.com/jrh13/hol-light/blob/master/IsabelleLight/isalight.ml,Exclude-Util,True
IsabelleLight/make.ml,,,https://github.com/jrh13/hol-light/blob/master/IsabelleLight/make.ml,Exclude-Util,True
IsabelleLight/meta_rules.ml,,,https://github.com/jrh13/hol-light/blob/master/IsabelleLight/meta_rules.ml,Exclude-Util,True
IsabelleLight/new_tactics.ml,,,https://github.com/jrh13/hol-light/blob/master/IsabelleLight/new_tactics.ml,Exclude-Util,True
IsabelleLight/support.ml,,,https://github.com/jrh13/hol-light/blob/master/IsabelleLight/support.ml,Exclude-Util,True
Jordan/float.ml,,,https://github.com/jrh13/hol-light/blob/master/Jordan/float.ml,54-XX,False
Jordan/jordan_curve_theorem.ml,,,https://github.com/jrh13/hol-light/blob/master/Jordan/jordan_curve_theorem.ml,54-XX,False
Jordan/lib_ext.ml,,,https://github.com/jrh13/hol-light/blob/master/Jordan/lib_ext.ml,54-XX,False
Jordan/make.ml,,,https://github.com/jrh13/hol-light/blob/master/Jordan/make.ml,54-XX,False
Jordan/metric_spaces.ml,,,https://github.com/jrh13/hol-light/blob/master/Jordan/metric_spaces.ml,54-XX,False
Jordan/misc_defs_and_lemmas.ml,,,https://github.com/jrh13/hol-light/blob/master/Jordan/misc_defs_and_lemmas.ml,54-XX,False
Jordan/num_ext_gcd.ml,,,https://github.com/jrh13/hol-light/blob/master/Jordan/num_ext_gcd.ml,54-XX,False
Jordan/num_ext_nabs.ml,,,https://github.com/jrh13/hol-light/blob/master/Jordan/num_ext_nabs.ml,54-XX,False
Jordan/parse_ext_override_interface.ml,,,https://github.com/jrh13/hol-light/blob/master/Jordan/parse_ext_override_interface.ml,54-XX,False
Jordan/real_ext.ml,,,https://github.com/jrh13/hol-light/blob/master/Jordan/real_ext.ml,54-XX,False
Jordan/real_ext_geom_series.ml,,,https://github.com/jrh13/hol-light/blob/master/Jordan/real_ext_geom_series.ml,54-XX,False
Jordan/tactics_ext.ml,,,https://github.com/jrh13/hol-light/blob/master/Jordan/tactics_ext.ml,54-XX,False
Jordan/tactics_ext2.ml,,,https://github.com/jrh13/hol-light/blob/master/Jordan/tactics_ext2.ml,54-XX,False
Jordan/tactics_fix.ml,,,https://github.com/jrh13/hol-light/blob/master/Jordan/tactics_fix.ml,54-XX,False
Jordan/tactics_refine.ml,,,https://github.com/jrh13/hol-light/blob/master/Jordan/tactics_refine.ml,54-XX,False
LP_arith/lp_arith.ml,,,https://github.com/jrh13/hol-light/blob/master/LP_arith/lp_arith.ml,90C05,False
LP_arith/lp_tests.ml,,,https://github.com/jrh13/hol-light/blob/master/LP_arith/lp_tests.ml,90C05,False
LP_arith/make.ml,,,https://github.com/jrh13/hol-light/blob/master/LP_arith/make.ml,90C05,False
Library/agm.ml,,,https://github.com/jrh13/hol-light/blob/master/Library/agm.ml,,False
Library/analysis.ml,,,https://github.com/jrh13/hol-light/blob/master/Library/analysis.ml,,False
Library/binary.ml,,,https://github.com/jrh13/hol-light/blob/master/Library/binary.ml,,False
Library/binomial.ml,,,https://github.com/jrh13/hol-light/blob/master/Library/binomial.ml,,False
Library/bitmatch.ml,,,https://github.com/jrh13/hol-light/blob/master/Library/bitmatch.ml,,False
Library/bitsize.ml,,,https://github.com/jrh13/hol-light/blob/master/Library/bitsize.ml,,False
Library/calc_real.ml,,,https://github.com/jrh13/hol-light/blob/master/Library/calc_real.ml,,False
Library/card.ml,,,https://github.com/jrh13/hol-light/blob/master/Library/card.ml,,False
Library/floor.ml,,,https://github.com/jrh13/hol-light/blob/master/Library/floor.ml,,False
Library/frag.ml,,,https://github.com/jrh13/hol-light/blob/master/Library/frag.ml,,False
Library/grouptheory.ml,,,https://github.com/jrh13/hol-light/blob/master/Library/grouptheory.ml,,False
Library/integer.ml,,,https://github.com/jrh13/hol-light/blob/master/Library/integer.ml,,False
Library/isum.ml,,,https://github.com/jrh13/hol-light/blob/master/Library/isum.ml,,False
Library/iter.ml,,,https://github.com/jrh13/hol-light/blob/master/Library/iter.ml,,False
Library/jacobi.ml,,,https://github.com/jrh13/hol-light/blob/master/Library/jacobi.ml,,False
Library/modmul_group.ml,,,https://github.com/jrh13/hol-light/blob/master/Library/modmul_group.ml,,False
Library/multiplicative.ml,,,https://github.com/jrh13/hol-light/blob/master/Library/multiplicative.ml,,False
Library/permutations.ml,,,https://github.com/jrh13/hol-light/blob/master/Library/permutations.ml,,False
Library/pocklington.ml,,,https://github.com/jrh13/hol-light/blob/master/Library/pocklington.ml,,False
Library/poly.ml,,,https://github.com/jrh13/hol-light/blob/master/Library/poly.ml,,False
Library/pratt.ml,,,https://github.com/jrh13/hol-light/blob/master/Library/pratt.ml,,False
Library/prime.ml,,,https://github.com/jrh13/hol-light/blob/master/Library/prime.ml,,False
Library/primitive.ml,,,https://github.com/jrh13/hol-light/blob/master/Library/primitive.ml,,False
Library/products.ml,,,https://github.com/jrh13/hol-light/blob/master/Library/products.ml,,False
Library/q.ml,,,https://github.com/jrh13/hol-light/blob/master/Library/q.ml,,False
Library/ringtheory.ml,,,https://github.com/jrh13/hol-light/blob/master/Library/ringtheory.ml,,False
Library/rstc.ml,,,https://github.com/jrh13/hol-light/blob/master/Library/rstc.ml,,False
Library/transc.ml,,,https://github.com/jrh13/hol-light/blob/master/Library/transc.ml,,False
Library/wo.ml,,,https://github.com/jrh13/hol-light/blob/master/Library/wo.ml,,False
Library/words.ml,,,https://github.com/jrh13/hol-light/blob/master/Library/words.ml,,False
Logic/birkhoff.ml,,,https://github.com/jrh13/hol-light/blob/master/Logic/birkhoff.ml,03-XX,False
Logic/canon.ml,,,https://github.com/jrh13/hol-light/blob/master/Logic/canon.ml,03-XX,False
Logic/fol.ml,,,https://github.com/jrh13/hol-light/blob/master/Logic/fol.ml,03-XX,False
Logic/fol_prop.ml,,,https://github.com/jrh13/hol-light/blob/master/Logic/fol_prop.ml,03-XX,False
Logic/fole.ml,,,https://github.com/jrh13/hol-light/blob/master/Logic/fole.ml,03-XX,False
Logic/given.ml,,,https://github.com/jrh13/hol-light/blob/master/Logic/given.ml,03-XX,False
Logic/givensem.ml,,,https://github.com/jrh13/hol-light/blob/master/Logic/givensem.ml,03-XX,False
Logic/herbrand.ml,,,https://github.com/jrh13/hol-light/blob/master/Logic/herbrand.ml,03-XX,False
Logic/linear.ml,,,https://github.com/jrh13/hol-light/blob/master/Logic/linear.ml,03-XX,False
Logic/lpo.ml,,,https://github.com/jrh13/hol-light/blob/master/Logic/lpo.ml,03-XX,False
Logic/make.ml,,,https://github.com/jrh13/hol-light/blob/master/Logic/make.ml,03-XX,False
Logic/positive.ml,,,https://github.com/jrh13/hol-light/blob/master/Logic/positive.ml,03-XX,False
Logic/prenex.ml,,,https://github.com/jrh13/hol-light/blob/master/Logic/prenex.ml,03-XX,False
Logic/prolog.ml,,,https://github.com/jrh13/hol-light/blob/master/Logic/prolog.ml,03-XX,False
Logic/resolution.ml,,,https://github.com/jrh13/hol-light/blob/master/Logic/resolution.ml,03-XX,False
Logic/skolem.ml,,,https://github.com/jrh13/hol-light/blob/master/Logic/skolem.ml,03-XX,False
Logic/support.ml,,,https://github.com/jrh13/hol-light/blob/master/Logic/support.ml,03-XX,False
Logic/trs.ml,,,https://github.com/jrh13/hol-light/blob/master/Logic/trs.ml,03-XX,False
Logic/unif.ml,,,https://github.com/jrh13/hol-light/blob/master/Logic/unif.ml,03-XX,False
Minisat/dimacs_tools.ml,,,https://github.com/jrh13/hol-light/blob/master/Minisat/dimacs_tools.ml,68V15,False
Minisat/make.ml,,,https://github.com/jrh13/hol-light/blob/master/Minisat/make.ml,68V15,False
Minisat/minisat_parse.ml,,,https://github.com/jrh13/hol-light/blob/master/Minisat/minisat_parse.ml,68V15,False
Minisat/minisat_prove.ml,,,https://github.com/jrh13/hol-light/blob/master/Minisat/minisat_prove.ml,68V15,False
Minisat/minisat_resolve.ml,,,https://github.com/jrh13/hol-light/blob/master/Minisat/minisat_resolve.ml,68V15,False
Minisat/sat_common_tools.ml,,,https://github.com/jrh13/hol-light/blob/master/Minisat/sat_common_tools.ml,68V15,False
Minisat/sat_script.ml,,,https://github.com/jrh13/hol-light/blob/master/Minisat/sat_script.ml,68V15,False
Minisat/sat_solvers.ml,,,https://github.com/jrh13/hol-light/blob/master/Minisat/sat_solvers.ml,68V15,False
Minisat/sat_tools.ml,,,https://github.com/jrh13/hol-light/blob/master/Minisat/sat_tools.ml,68V15,False
Minisat/taut.ml,,,https://github.com/jrh13/hol-light/blob/master/Minisat/taut.ml,68V15,False
Mizarlight/duality.ml,,,https://github.com/jrh13/hol-light/blob/master/Mizarlight/duality.ml,Exclude-Util,True
Mizarlight/duality_holby.ml,,,https://github.com/jrh13/hol-light/blob/master/Mizarlight/duality_holby.ml,Exclude-Util,True
Mizarlight/make.ml,,,https://github.com/jrh13/hol-light/blob/master/Mizarlight/make.ml,Exclude-Util,True
Mizarlight/miz2a.ml,,,https://github.com/jrh13/hol-light/blob/master/Mizarlight/miz2a.ml,Exclude-Util,True
Mizarlight/pa_f.ml,,,https://github.com/jrh13/hol-light/blob/master/Mizarlight/pa_f.ml,Exclude-Util,True
Model/make.ml,,,https://github.com/jrh13/hol-light/blob/master/Model/make.ml,Exclude-Util,True
Model/modelset.ml,,,https://github.com/jrh13/hol-light/blob/master/Model/modelset.ml,Exclude-Util,True
Model/semantics.ml,,,https://github.com/jrh13/hol-light/blob/master/Model/semantics.ml,Exclude-Util,True
Model/syntax.ml,,,https://github.com/jrh13/hol-light/blob/master/Model/syntax.ml,Exclude-Util,True
Multivariate/canal.ml,,,https://github.com/jrh13/hol-light/blob/master/Multivariate/canal.ml,26Bxx,False
Multivariate/cauchy.ml,,,https://github.com/jrh13/hol-light/blob/master/Multivariate/cauchy.ml,26Bxx,False
Multivariate/clifford.ml,,,https://github.com/jrh13/hol-light/blob/master/Multivariate/clifford.ml,26Bxx,False
Multivariate/complex_database.ml,,,https://github.com/jrh13/hol-light/blob/master/Multivariate/complex_database.ml,26Bxx,False
Multivariate/complexes.ml,,,https://github.com/jrh13/hol-light/blob/master/Multivariate/complexes.ml,26Bxx,False
Multivariate/convex.ml,,,https://github.com/jrh13/hol-light/blob/master/Multivariate/convex.ml,26Bxx,False
Multivariate/cross.ml,,,https://github.com/jrh13/hol-light/blob/master/Multivariate/cross.ml,26Bxx,False
Multivariate/cvectors.ml,,,https://github.com/jrh13/hol-light/blob/master/Multivariate/cvectors.ml,26Bxx,False
Multivariate/degree.ml,,,https://github.com/jrh13/hol-light/blob/master/Multivariate/degree.ml,26Bxx,False
Multivariate/derivatives.ml,,,https://github.com/jrh13/hol-light/blob/master/Multivariate/derivatives.ml,26Bxx,False
Multivariate/determinants.ml,,,https://github.com/jrh13/hol-light/blob/master/Multivariate/determinants.ml,26Bxx,False
Multivariate/flyspeck.ml,,,https://github.com/jrh13/hol-light/blob/master/Multivariate/flyspeck.ml,26Bxx,False
Multivariate/gamma.ml,,,https://github.com/jrh13/hol-light/blob/master/Multivariate/gamma.ml,26Bxx,False
Multivariate/geom.ml,,,https://github.com/jrh13/hol-light/blob/master/Multivariate/geom.ml,26Bxx,False
Multivariate/homology.ml,,,https://github.com/jrh13/hol-light/blob/master/Multivariate/homology.ml,26Bxx,False
Multivariate/integration.ml,,,https://github.com/jrh13/hol-light/blob/master/Multivariate/integration.ml,26Bxx,False
Multivariate/lpspaces.ml,,,https://github.com/jrh13/hol-light/blob/master/Multivariate/lpspaces.ml,26Bxx,False
Multivariate/make.ml,,,https://github.com/jrh13/hol-light/blob/master/Multivariate/make.ml,26Bxx,False
Multivariate/make_complex.ml,,,https://github.com/jrh13/hol-light/blob/master/Multivariate/make_complex.ml,26Bxx,False
Multivariate/measure.ml,,,https://github.com/jrh13/hol-light/blob/master/Multivariate/measure.ml,26Bxx,False
Multivariate/metric.ml,,,https://github.com/jrh13/hol-light/blob/master/Multivariate/metric.ml,26Bxx,False
Multivariate/misc.ml,,,https://github.com/jrh13/hol-light/blob/master/Multivariate/misc.ml,26Bxx,False
Multivariate/moretop.ml,,,https://github.com/jrh13/hol-light/blob/master/Multivariate/moretop.ml,26Bxx,False
Multivariate/msum.ml,,,https://github.com/jrh13/hol-light/blob/master/Multivariate/msum.ml,26Bxx,False
Multivariate/multivariate_database.ml,,,https://github.com/jrh13/hol-light/blob/master/Multivariate/multivariate_database.ml,26Bxx,False
Multivariate/paths.ml,,,https://github.com/jrh13/hol-light/blob/master/Multivariate/paths.ml,26Bxx,False
Multivariate/polytope.ml,,,https://github.com/jrh13/hol-light/blob/master/Multivariate/polytope.ml,26Bxx,False
Multivariate/realanalysis.ml,,,https://github.com/jrh13/hol-light/blob/master/Multivariate/realanalysis.ml,26Bxx,False
Multivariate/specialtopologies.ml,,,https://github.com/jrh13/hol-light/blob/master/Multivariate/specialtopologies.ml,26Bxx,False
Multivariate/tarski.ml,,,https://github.com/jrh13/hol-light/blob/master/Multivariate/tarski.ml,26Bxx,False
Multivariate/topology.ml,,,https://github.com/jrh13/hol-light/blob/master/Multivariate/topology.ml,26Bxx,False
Multivariate/transcendentals.ml,,,https://github.com/jrh13/hol-light/blob/master/Multivariate/transcendentals.ml,26Bxx,False
Multivariate/vectors.ml,,,https://github.com/jrh13/hol-light/blob/master/Multivariate/vectors.ml,26Bxx,False
Multivariate/wlog.ml,,,https://github.com/jrh13/hol-light/blob/master/Multivariate/wlog.ml,26Bxx,False
Multivariate/wlog_examples.ml,,,https://github.com/jrh13/hol-light/blob/master/Multivariate/wlog_examples.ml,26Bxx,False
Ntrie/ntrie.ml,,,https://github.com/jrh13/hol-light/blob/master/Ntrie/ntrie.ml,68Q65,False
Permutation/make.ml,,,https://github.com/jrh13/hol-light/blob/master/Permutation/make.ml,06-XX,False
Permutation/morelist.ml,,,https://github.com/jrh13/hol-light/blob/master/Permutation/morelist.ml,06-XX,False
Permutation/nummax.ml,,,https://github.com/jrh13/hol-light/blob/master/Permutation/nummax.ml,06-XX,False
Permutation/permutation.ml,,,https://github.com/jrh13/hol-light/blob/master/Permutation/permutation.ml,06-XX,False
Permutation/permuted.ml,,,https://github.com/jrh13/hol-light/blob/master/Permutation/permuted.ml,06-XX,False
Permutation/qsort.ml,,,https://github.com/jrh13/hol-light/blob/master/Permutation/qsort.ml,06-XX,False
ProofTrace/fusion.ml,,,https://github.com/jrh13/hol-light/blob/master/ProofTrace/fusion.ml.diff,Exclude-Util,False
ProofTrace/proofs.ml,,,https://github.com/jrh13/hol-light/blob/master/ProofTrace/proofs.ml,Exclude-Util,False
QBF/make.ml,,,https://github.com/jrh13/hol-light/blob/master/QBF/make.ml,68R07,False
QBF/mygraph.ml,,,https://github.com/jrh13/hol-light/blob/master/QBF/mygraph.ml,68R07,False
QBF/qbf.ml,,,https://github.com/jrh13/hol-light/blob/master/QBF/qbf.ml,68R07,False
QBF/qbfr.ml,,,https://github.com/jrh13/hol-light/blob/master/QBF/qbfr.ml,68R07,False
Quaternions/make.ml,,,https://github.com/jrh13/hol-light/blob/master/Quaternions/make.ml,11R52,False
Quaternions/misc.hl,,,https://github.com/jrh13/hol-light/blob/master/Quaternions/misc.hl,11R52,False
Quaternions/qanal.hl,,,https://github.com/jrh13/hol-light/blob/master/Quaternions/qanal.hl,11R52,False
Quaternions/qcalc.hl,,,https://github.com/jrh13/hol-light/blob/master/Quaternions/qcalc.hl,11R52,False
Quaternions/qderivative.hl,,,https://github.com/jrh13/hol-light/blob/master/Quaternions/qderivative.hl,11R52,False
Quaternions/qisom.hl,,,https://github.com/jrh13/hol-light/blob/master/Quaternions/qisom.hl,11R52,False
Quaternions/qnormalizer.hl,,,https://github.com/jrh13/hol-light/blob/master/Quaternions/qnormalizer.hl,11R52,False
Quaternions/quaternion.hl,,,https://github.com/jrh13/hol-light/blob/master/Quaternions/quaternion.hl,11R52,False
RichterHilbertAxiomGeometry/HilbertAxiom_read.ml,,,https://github.com/jrh13/hol-light/blob/master/RichterHilbertAxiomGeometry/HilbertAxiom_read.ml,51-xx,False
RichterHilbertAxiomGeometry/TarskiAxiomGeometry_read.ml,,,https://github.com/jrh13/hol-light/blob/master/RichterHilbertAxiomGeometry/TarskiAxiomGeometry_read.ml,51-xx,False
RichterHilbertAxiomGeometry/Topology.ml,,,https://github.com/jrh13/hol-light/blob/master/RichterHilbertAxiomGeometry/Topology.ml,51-xx,False
RichterHilbertAxiomGeometry/UniversalPropCartProd.ml,,,https://github.com/jrh13/hol-light/blob/master/RichterHilbertAxiomGeometry/UniversalPropCartProd.ml,51-xx,False
RichterHilbertAxiomGeometry/error-checking.ml,,,https://github.com/jrh13/hol-light/blob/master/RichterHilbertAxiomGeometry/error-checking.ml,51-xx,False
RichterHilbertAxiomGeometry/from_topology.ml,,,https://github.com/jrh13/hol-light/blob/master/RichterHilbertAxiomGeometry/from_topology.ml,51-xx,False
RichterHilbertAxiomGeometry/inverse_bug_puzzle_read.ml,,,https://github.com/jrh13/hol-light/blob/master/RichterHilbertAxiomGeometry/inverse_bug_puzzle_read.ml,51-xx,False
RichterHilbertAxiomGeometry/readable.ml,,,https://github.com/jrh13/hol-light/blob/master/RichterHilbertAxiomGeometry/readable.ml,51-xx,False
RichterHilbertAxiomGeometry/thmFontHilbertAxiom.ml,,,https://github.com/jrh13/hol-light/blob/master/RichterHilbertAxiomGeometry/thmFontHilbertAxiom.ml,51-xx,False
Rqe/asym.ml,,,https://github.com/jrh13/hol-light/blob/master/Rqe/asym.ml,Exclude-NoDoc,False
Rqe/basic.ml,,,https://github.com/jrh13/hol-light/blob/master/Rqe/basic.ml,Exclude-NoDoc,False
Rqe/condense.ml,,,https://github.com/jrh13/hol-light/blob/master/Rqe/condense.ml,Exclude-NoDoc,False
Rqe/condense_thms.ml,,,https://github.com/jrh13/hol-light/blob/master/Rqe/condense_thms.ml,Exclude-NoDoc,False
Rqe/dedmatrix.ml,,,https://github.com/jrh13/hol-light/blob/master/Rqe/dedmatrix.ml,Exclude-NoDoc,False
Rqe/dedmatrix_thms.ml,,,https://github.com/jrh13/hol-light/blob/master/Rqe/dedmatrix_thms.ml,Exclude-NoDoc,False
Rqe/defs.ml,,,https://github.com/jrh13/hol-light/blob/master/Rqe/defs.ml,Exclude-NoDoc,False
Rqe/examples.ml,,,https://github.com/jrh13/hol-light/blob/master/Rqe/examples.ml,Exclude-NoDoc,False
Rqe/inferisign.ml,,,https://github.com/jrh13/hol-light/blob/master/Rqe/inferisign.ml,Exclude-NoDoc,False
Rqe/inferisign_thms.ml,,,https://github.com/jrh13/hol-light/blob/master/Rqe/inferisign_thms.ml,Exclude-NoDoc,False
Rqe/inferpsign.ml,,,https://github.com/jrh13/hol-light/blob/master/Rqe/inferpsign.ml,Exclude-NoDoc,False
Rqe/inferpsign_thms.ml,,,https://github.com/jrh13/hol-light/blob/master/Rqe/inferpsign_thms.ml,Exclude-NoDoc,False
Rqe/lift_qelim.ml,,,https://github.com/jrh13/hol-light/blob/master/Rqe/lift_qelim.ml,Exclude-NoDoc,False
Rqe/list_rewrites.ml,,,https://github.com/jrh13/hol-light/blob/master/Rqe/list_rewrites.ml,Exclude-NoDoc,False
Rqe/main_thms.ml,,,https://github.com/jrh13/hol-light/blob/master/Rqe/main_thms.ml,Exclude-NoDoc,False
Rqe/make.ml,,,https://github.com/jrh13/hol-light/blob/master/Rqe/make.ml,Exclude-NoDoc,False
Rqe/matinsert.ml,,,https://github.com/jrh13/hol-light/blob/master/Rqe/matinsert.ml,Exclude-NoDoc,False
Rqe/matinsert_thms.ml,,,https://github.com/jrh13/hol-light/blob/master/Rqe/matinsert_thms.ml,Exclude-NoDoc,False
Rqe/num_calc_simp.ml,,,https://github.com/jrh13/hol-light/blob/master/Rqe/num_calc_simp.ml,Exclude-NoDoc,False
Rqe/pdivides.ml,,,https://github.com/jrh13/hol-light/blob/master/Rqe/pdivides.ml,Exclude-NoDoc,False
Rqe/pdivides_thms.ml,,,https://github.com/jrh13/hol-light/blob/master/Rqe/pdivides_thms.ml,Exclude-NoDoc,False
Rqe/poly_ext.ml,,,https://github.com/jrh13/hol-light/blob/master/Rqe/poly_ext.ml,Exclude-NoDoc,False
Rqe/rewrites.ml,,,https://github.com/jrh13/hol-light/blob/master/Rqe/rewrites.ml,Exclude-NoDoc,False
Rqe/rol.ml,,,https://github.com/jrh13/hol-light/blob/master/Rqe/rol.ml,Exclude-NoDoc,False
Rqe/rqe_lib.ml,,,https://github.com/jrh13/hol-light/blob/master/Rqe/rqe_lib.ml,Exclude-NoDoc,False
Rqe/rqe_list.ml,,,https://github.com/jrh13/hol-light/blob/master/Rqe/rqe_list.ml,Exclude-NoDoc,False
Rqe/rqe_main.ml,,,https://github.com/jrh13/hol-light/blob/master/Rqe/rqe_main.ml,Exclude-NoDoc,False
Rqe/rqe_num.ml,,,https://github.com/jrh13/hol-light/blob/master/Rqe/rqe_num.ml,Exclude-NoDoc,False
Rqe/rqe_real.ml,,,https://github.com/jrh13/hol-light/blob/master/Rqe/rqe_real.ml,Exclude-NoDoc,False
Rqe/rqe_tactics_ext.ml,,,https://github.com/jrh13/hol-light/blob/master/Rqe/rqe_tactics_ext.ml,Exclude-NoDoc,False
Rqe/signs.ml,,,https://github.com/jrh13/hol-light/blob/master/Rqe/signs.ml,Exclude-NoDoc,False
Rqe/signs_thms.ml,,,https://github.com/jrh13/hol-light/blob/master/Rqe/signs_thms.ml,Exclude-NoDoc,False
Rqe/simplify.ml,,,https://github.com/jrh13/hol-light/blob/master/Rqe/simplify.ml,Exclude-NoDoc,False
Rqe/testform.ml,,,https://github.com/jrh13/hol-light/blob/master/Rqe/testform.ml,Exclude-NoDoc,False
Rqe/testform_thms.ml,,,https://github.com/jrh13/hol-light/blob/master/Rqe/testform_thms.ml,Exclude-NoDoc,False
Rqe/timers.ml,,,https://github.com/jrh13/hol-light/blob/master/Rqe/timers.ml,Exclude-NoDoc,False
Rqe/util.ml,,,https://github.com/jrh13/hol-light/blob/master/Rqe/util.ml,Exclude-NoDoc,False
Rqe/work_thms.ml,,,https://github.com/jrh13/hol-light/blob/master/Rqe/work_thms.ml,Exclude-NoDoc,False
Tutorial/Abstractions_and_quantifiers.ml,,,https://github.com/jrh13/hol-light/blob/master/Tutorial/Abstractions_and_quantifiers.ml,Exclude-Doc,True
Tutorial/Changing_proof_style.ml,,,https://github.com/jrh13/hol-light/blob/master/Tutorial/Changing_proof_style.ml,Exclude-Doc,True
Tutorial/Custom_inference_rules.ml,,,https://github.com/jrh13/hol-light/blob/master/Tutorial/Custom_inference_rules.ml,Exclude-Doc,True
Tutorial/Custom_tactics.ml,,,https://github.com/jrh13/hol-light/blob/master/Tutorial/Custom_tactics.ml,Exclude-Doc,True
Tutorial/Defining_new_types.ml,,,https://github.com/jrh13/hol-light/blob/master/Tutorial/Defining_new_types.ml,Exclude-Doc,True
Tutorial/Embedding_of_logics_deep.ml,,,https://github.com/jrh13/hol-light/blob/master/Tutorial/Embedding_of_logics_deep.ml,Exclude-Doc,True
Tutorial/Embedding_of_logics_shallow.ml,,,https://github.com/jrh13/hol-light/blob/master/Tutorial/Embedding_of_logics_shallow.ml,Exclude-Doc,True
Tutorial/HOL_as_a_functional_programming_language.ml,,,https://github.com/jrh13/hol-light/blob/master/Tutorial/HOL_as_a_functional_programming_language.ml,Exclude-Doc,True
Tutorial/HOL_basics.ml,,,https://github.com/jrh13/hol-light/blob/master/Tutorial/HOL_basics.ml,Exclude-Doc,True
Tutorial/HOLs_number_systems.ml,,,https://github.com/jrh13/hol-light/blob/master/Tutorial/HOLs_number_systems.ml,Exclude-Doc,True
Tutorial/Inductive_datatypes.ml,,,https://github.com/jrh13/hol-light/blob/master/Tutorial/Inductive_datatypes.ml,Exclude-Doc,True
Tutorial/Inductive_definitions.ml,,,https://github.com/jrh13/hol-light/blob/master/Tutorial/Inductive_definitions.ml,Exclude-Doc,True
Tutorial/Linking_external_tools.ml,,,https://github.com/jrh13/hol-light/blob/master/Tutorial/Linking_external_tools.ml,Exclude-Doc,True
Tutorial/Number_theory.ml,,,https://github.com/jrh13/hol-light/blob/master/Tutorial/Number_theory.ml,Exclude-Doc,True
Tutorial/Propositional_logic.ml,,,https://github.com/jrh13/hol-light/blob/master/Tutorial/Propositional_logic.ml,Exclude-Doc,True
Tutorial/Real_analysis.ml,,,https://github.com/jrh13/hol-light/blob/master/Tutorial/Real_analysis.ml,Exclude-Doc,True
Tutorial/Recursive_definitions.ml,,,https://github.com/jrh13/hol-light/blob/master/Tutorial/Recursive_definitions.ml,Exclude-Doc,True
Tutorial/Semantics_of_programming_languages_deep.ml,,,https://github.com/jrh13/hol-light/blob/master/Tutorial/Semantics_of_programming_languages_deep.ml,Exclude-Doc,True
Tutorial/Semantics_of_programming_languages_shallow.ml,,,https://github.com/jrh13/hol-light/blob/master/Tutorial/Semantics_of_programming_languages_shallow.ml,Exclude-Doc,True
Tutorial/Sets_and_functions.ml,,,https://github.com/jrh13/hol-light/blob/master/Tutorial/Sets_and_functions.ml,Exclude-Doc,True
Tutorial/Tactics_and_tacticals.ml,,,https://github.com/jrh13/hol-light/blob/master/Tutorial/Tactics_and_tacticals.ml,Exclude-Doc,True
Tutorial/Vectors.ml,,,https://github.com/jrh13/hol-light/blob/master/Tutorial/Vectors.ml,Exclude-Doc,True
Tutorial/Wellfounded_induction.ml,,,https://github.com/jrh13/hol-light/blob/master/Tutorial/Wellfounded_induction.ml,Exclude-Doc,True
Tutorial/all.ml,,,https://github.com/jrh13/hol-light/blob/master/Tutorial/all.ml,Exclude-Doc,True
Unity/aux_definitions.ml,,,https://github.com/jrh13/hol-light/blob/master/Unity/aux_definitions.ml,68Q10,False
Unity/make.ml,,,https://github.com/jrh13/hol-light/blob/master/Unity/make.ml,68Q10,False
Unity/mk_comp_unity.ml,,,https://github.com/jrh13/hol-light/blob/master/Unity/mk_comp_unity.ml,68Q10,False
Unity/mk_ensures.ml,,,https://github.com/jrh13/hol-light/blob/master/Unity/mk_ensures.ml,68Q10,False
Unity/mk_gen_induct.ml,,,https://github.com/jrh13/hol-light/blob/master/Unity/mk_gen_induct.ml,68Q10,False
Unity/mk_leadsto.ml,,,https://github.com/jrh13/hol-light/blob/master/Unity/mk_leadsto.ml,68Q10,False
Unity/mk_state_logic.ml,,,https://github.com/jrh13/hol-light/blob/master/Unity/mk_state_logic.ml,68Q10,False
Unity/mk_unity_prog.ml,,,https://github.com/jrh13/hol-light/blob/master/Unity/mk_unity_prog.ml,68Q10,False
Unity/mk_unless.ml,,,https://github.com/jrh13/hol-light/blob/master/Unity/mk_unless.ml,68Q10,False
miz3/make.ml,,,https://github.com/jrh13/hol-light/blob/master/miz3/make.ml,Exclude-Util,True
miz3/miz3.ml,,,https://github.com/jrh13/hol-light/blob/master/miz3/miz3.ml,Exclude-Util,True
miz3/miz3_of_hol.ml,,,https://github.com/jrh13/hol-light/blob/master/miz3/miz3_of_hol.ml,Exclude-Util,True
miz3/test.ml,,,https://github.com/jrh13/hol-light/blob/master/miz3/test.ml,Exclude-Util,True